rewardAC,¶ÜÊ×Ë®Æ½Æ«²î,¶ÜÖÐË®Æ½Æ«²î,¶ÜÎ²Ë®Æ½Æ«²î,¶ÜÊ×´¹Ö±Æ«²î,¶ÜÖÐ´¹Ö±Æ«²î,¶ÜÎ²´¹Ö±Æ«²î,time/s
23.5395,7.02,24.75,-0.9,13.59,18.19,21.01,6.1854263
229.479425,-6.6,-17.77,-24.54,14.53,17.91,19.95,20.7344121
-11.467775,-20.59,-11.68,-42.75,-14.52,-18.16,-20.38,7.9515567
43.75575,7.67,24.65,-1.27,12.14,18.79,19.64,8.3150358
570.37685,-7.4,-17.07,-22.98,16.86,17.9,18.53,36.8279385
-48.018925,12.21,18.25,19.08,-4.41,-16.6,-24.02,41.0719407
-36.574375,19.29,18.77,15.68,-1.88,-17.07,-26.35,28.2618676
-94.165425,-15.38,-11.57,-29.34,-6.84,-15.81,-24.46,41.0989557
-14.7440375,-15.65,-14.58,-34.02,-15.01,-17.55,-22.34,8.5450493
157.9479,8.83,25.91,-0.05,-0.85,-17.53,-27.71,20.7741633
321.08835,-0.65,25.87,5.56,18.47,18.78,15.75,23.1177142
232.445325,-3.68,25.71,7.17,2.04,-17.26,-29.03,22.1115155
-13.4977,-19.4,-11.58,-43.22,12.91,18.19,21.4,8.2207191
-13.50565,-19.4,-11.58,-43.12,13.17,18.17,21.23,8.2958879
-30.505075,-19.89,-11.22,-42.18,12.96,18.11,21.25,11.5912701
-35.8913875,-17.68,-13.26,-30.71,2.35,-16.49,-31.22,21.970817
647.52875,-11.16,-17.31,-21.06,12.74,17.46,20.33,41.133632
-23.7298875,-19.49,-11.4,-42.75,12.78,18.15,21.42,9.8979441
-18.7826,-19.51,-11.53,-43.07,13.83,18.14,20.78,9.1324267
113.5369,4.92,24.99,1.03,14.69,18.67,17.9,12.1551976
220.25755,6.11,25.5,1.02,17.91,18,18.06,17.9955793
233.226675,1.2,25.9,4.52,2.44,-17.31,-29.36,22.6427089
298.7367875,0.03,25.89,5.21,2.46,-17.27,-29.32,21.8010926
-15.5088875,-19.24,-11.58,-43.33,13.36,18.17,21.11,8.6165387
-41.523125,-23.03,-9.73,-38.16,2.72,-17.33,-29.57,22.4721113
644.02325,-11.73,-17.31,-20.67,12.81,17.41,20.23,41.1524665
-27.76765,-19.98,-11.39,-42.42,13.98,18.12,20.64,10.5692789
216.125825,1.53,25.8,4.19,2.41,-17.34,-29.4,23.0611828
119.28125,5.77,24.99,0.53,14.75,18.66,17.86,12.6214771
-57.5561625,-25.61,-9.53,-36.37,2.36,-17.15,-29.05,27.0691343
-45.7799375,-23.37,-9.74,-37.97,2.64,-17.34,-29.52,23.7497409
327.78435,4.3,26.15,2.87,21.55,18.14,16.06,24.0693775
61.0316,11.8,19.55,16.4,14.49,18.12,20.33,9.1832461
17.555325,10.54,18.42,20.51,5.23,-17.47,-31.34,20.1202392
58.00735,10.8,19.59,17.07,14.38,18.12,20.4,9.0170621
4.7579375,15.24,18.53,17.9,-8.86,-18.18,-23.9,12.1508438
644.75295,-11.22,-17.19,-20.78,12.48,17.32,20.29,41.0723576
0.67575,8.42,18.38,21.75,4.73,-17.52,-31.11,19.0997277
-39.2416875,-23.35,-9.97,-38.29,4.45,-17.46,-30.83,19.5213453
-5.05185,13.34,18.46,18.85,3.77,-17.22,-30.04,22.0086967
-44.338975,-23.92,-9.56,-37.41,3.07,-17.18,-29.54,22.3565598
60.82925,10.78,19.58,17.08,14.51,18.11,20.3,9.2525246
60.83025,10.78,19.59,17.08,14.97,18.1,20.01,9.4100056
608.1288,-11.22,-17.27,-20.97,13.04,17.46,20.16,41.0376807
-38.7189125,-23.12,-9.92,-38.36,4.63,-17.42,-30.88,20.1377409
-12.5227375,14.23,18.49,18.34,3.46,-17.13,-29.7,23.3100469
338.4191625,-0.79,25.94,5.75,3.81,-17.12,-29.89,23.3060121
648.1713,-10.77,-17.18,-21.1,12.21,17.34,20.47,41.1263075
69.4665,10.65,19.58,17.16,14.83,18.09,20.08,9.6699472
3.881525,4.7,18.16,23.64,4.77,-17.22,-30.65,21.8060398
604.9943,-11.51,-17.27,-20.79,13.04,17.43,20.11,41.0266521
-21.6055875,-19.84,-11.43,-42.7,14.88,18.1,20.06,9.4354072
218.41975,3.68,25.48,2.56,16.68,18.66,16.68,17.5500231
263.073525,0.3,25.97,5.11,4.16,-17.04,-29.97,23.3152923
647.18615,-11.4,-17.22,-20.72,12.69,17.35,20.21,41.1314559
-22.6390375,-20.32,-11.42,-42.28,15.2,18.09,19.85,9.6900145
598.67115,-11.41,-17.25,-20.81,12.68,17.38,20.25,41.1366427
14.7373,6.78,24.58,-0.97,-12.5,-18.26,-21.78,6.6631362
27.345125,13.96,18.57,18.73,-12.08,-18.16,-21.9,10.7538383
215.754025,0.8,26.04,4.92,3.95,-17.08,-29.91,23.2880275
116.49345,5.39,25.05,0.87,15.49,18.65,17.39,12.0951016
241.5785375,-5.12,17.69,28.86,3,-17.15,-29.45,23.1684089
-23.50605,-19.52,-11.44,-42.91,14.5,18.11,20.31,10.0795988
632.15685,-11.03,-17.22,-21.01,12.53,17.38,20.34,41.0186673
-15.1957,-21.89,-10.99,-40.67,-7.59,-18.17,-24.62,12.217737
233.393225,0.97,26.01,4.79,3.94,-17.12,-29.96,23.2180602
-18.178025,-12.78,-18.12,-21.34,14.92,18.06,19.94,9.9830044
-24.4987125,-19.91,-11.43,-42.66,13.57,18.14,20.92,10.0274096
235.1600375,0.66,25.99,4.91,4.14,-17.04,-29.96,23.1489623
570.90765,13.23,19.74,16.03,18.32,18.03,17.86,37.1230691
-38.4883125,-19.47,-10.9,-41.98,13.3,18.04,20.94,13.5070816
231.104225,0.67,26.03,4.98,3.92,-17.08,-29.9,23.1001663
-37.7699,-20.34,-10.98,-41.6,13.48,18.06,20.85,13.1560673
114.0483125,-3.92,17.77,28.26,6.58,-17.03,-31.46,23.2018206
-63.0461375,-16.06,-12.56,-30.7,3.02,-15.78,-30.49,28.2365979
17.63495,6.6,24.72,-0.73,13.03,18.23,21.43,6.8760528
-26.6793,-20.05,-11.34,-42.31,16.06,18.05,19.27,10.2334452
-45.6569375,-23.59,-9.55,-37.6,3.92,-17.15,-30.01,23.1605567
89.9775,10.66,19.57,17.15,16.08,18.05,19.25,10.8075311
83.9522,10.63,19.57,17.17,16.1,18.05,19.24,10.4636684
-27.58615,-19.68,-11.31,-42.47,15.22,18.07,19.81,10.440916
644.8018,-11.17,-17.19,-20.82,12.33,17.31,20.36,41.081932
-50.1984625,-23.69,-9.45,-37.42,4.74,-17.05,-30.34,23.1383669
162.0078375,1.61,26.07,4.47,4.98,-17.04,-30.47,22.8604677
116.633,5.09,25.06,1.06,16.21,18.64,16.93,12.1477621
-8.5208,11.49,18.37,19.81,4.45,-17.05,-30.17,23.2092862
-51.8594875,-18.51,-13.04,-29.91,5.03,-16.06,-32.16,24.7947315
-69.5467,-25.17,-8.93,-35.85,5.03,-16.6,-29.79,26.737095
200.3309,1.21,25.98,4.58,4.51,-17.06,-30.22,23.0646422
89.70285,10.69,19.56,17.13,16.49,18.03,18.98,10.703074
119.32465,5.07,25.09,1.13,16.67,18.63,16.64,12.3138966
643.79005,-11.5,-17.22,-20.67,13.08,17.39,20.03,41.121643
14.6832,6.58,24.72,-0.71,12.82,18.24,21.57,6.6970193
-50.210175,-23.32,-9.39,-37.55,5.08,-17,-30.46,23.0709886
7.2703,6.88,18.26,22.49,8.04,-17.19,-32.59,21.1620379
-46.4856375,-23.31,-9.49,-37.69,4.4,-17.1,-30.21,22.987836
-11.449975,13.06,18.44,18.98,6.05,-17.06,-31.16,22.6273861
216.422275,0.93,26.11,4.91,5.33,-16.95,-30.54,23.3305915
72.538575,-9.26,-5.65,-39.97,11.02,17.2,20.97,41.1114875
247.520625,-6.06,-5.16,-41.09,10.56,17.13,21.14,41.0514881
-48.704175,-23.14,-9.38,-37.65,5.04,-17,-30.44,23.3188686
116.4224,4.57,25.17,1.4,17.54,18.01,18.3,12.2250794
119.284,5.65,25.15,0.71,16.02,18.03,19.27,12.4381209
227.8431,-5.93,17.69,29.36,3.11,-17.18,-29.56,23.1775459
628.17855,-11.02,-17.16,-20.87,12.76,17.35,20.17,41.119818
-36.9139625,-20.97,-11.06,-41.35,14.93,18.05,19.96,12.011625
207.5172375,1.6,26.1,4.52,4.67,-17.01,-30.24,23.239042
116.4988,4.88,25.06,1.2,16.3,18.64,16.87,12.1735779
-58.808275,-16.04,-10.16,-42.97,17.72,18,18.17,17.8075659
608.08205,-11.56,-17.27,-20.76,12.72,17.39,20.25,41.064502
104.00695,10.7,19.56,17.12,17.14,18.02,18.55,11.6252164
116.3379,4.62,25.16,1.37,18.01,18,18,12.5567902
615.895275,-11.36,-17.24,-20.84,12.98,17.42,20.13,41.0198846
17.5611,6.34,24.76,-0.49,12.89,18.22,21.5,6.9942238
257.0040875,-0.27,25.95,5.41,5.34,-16.98,-30.61,23.1242089
247.6989875,0.63,25.96,4.89,4.62,-17.05,-30.27,23.2200325
-61.9796875,-23.86,-9.11,-36.86,6.57,-16.7,-30.89,25.3947922
-35.37645,-26.81,-10.99,-37.69,14.32,18.07,20.35,11.5867222
215.4543125,0.82,26.07,4.94,4.11,-17.04,-29.94,23.1261671
-61.2881875,-22.49,-8.93,-37.44,6.5,-16.62,-30.73,25.7611638
113.5287,4.68,25.19,1.38,17.61,18.01,18.26,12.1073753
116.56275,4.66,25.19,1.39,17.77,18,18.15,12.1995678
-35.6122375,-19.78,-11.13,-42.09,15.13,18.05,19.83,11.738013
171.9081,1.59,26.1,4.52,4.72,-17.01,-30.27,23.3734003
116.5687,5.02,25.09,1.16,16.96,18.63,16.46,12.2121937
-135.2424125,-23.17,-8.07,-35.84,15.45,17.79,19.22,32.6600105
-2.66605,18.1,18.49,16.08,-13.1,-18.08,-21.15,12.3325173
-49.4131125,-23.76,-9.41,-37.31,4.08,-17.04,-29.92,23.2838528
-17.478825,-21.69,-10.99,-40.79,-8.27,-18.16,-24.18,12.1764476
119.44935,4.75,25.19,1.33,18.11,18,17.94,12.3642531
112.80915,10.28,19.56,17.39,17.68,18.01,18.2,12.235774
8.5885875,14.81,18.52,18.09,-6.09,-17.86,-25.06,17.6288594
12.2745,-12.38,-18.1,-21.59,15.41,18.04,19.64,12.4354105
-63.472275,-20.7,-8.43,-37.84,5.77,-16.41,-29.94,28.612761
17.6373,6.67,24.64,-0.72,12.37,18.79,19.51,6.9237947
310.97835,-6.96,-5.32,-40.83,10.53,17.14,21.17,41.0683674
-8.99335,16.21,18.52,17.27,-11.86,-18.11,-21.95,12.3551351
160.7623125,6.96,-8.36,-54.32,4.14,17.44,25.56,23.1608243
-47.1639375,-19.06,-10.66,-41.7,16.13,18,19.14,15.1826403
-34.3601625,-18.91,-11.05,-42.48,15.38,18.04,19.66,12.3925263
115.50795,10.27,19.56,17.4,17.81,18,18.12,12.1880628
24.9135,-12.08,-18.07,-21.68,15.41,18.01,19.57,12.4893757
119.46635,4.3,25.22,1.67,18.14,18,17.92,12.3465721
201.8762125,1.86,26.35,4.63,7.09,-16.55,-30.98,26.3238177
14.7744,6.77,24.61,-0.85,12.25,18.81,19.6,6.6510003
116.7019,4.66,25.19,1.39,17.7,18.01,18.2,12.3022207
115.7713,10.49,19.55,17.25,17.91,18,18.06,12.1835799
204.0905125,2.79,-3.97,-44.53,0.22,15.87,25.42,41.0981657
119.40735,4.54,25.22,1.52,17.96,18,18.04,12.3342732
116.57655,5.16,25.06,1.02,16.46,18.63,16.77,12.1817616
-27.12365,-12.54,-18.1,-21.49,15.82,18.03,19.38,12.2966164
258.715625,1.61,26.64,5.12,7.43,-16.22,-30.65,28.6677847
-28.4082625,-12.56,-18.11,-21.49,14.88,18.05,19.98,12.0887965
644.7876,-10.85,-17.14,-20.94,11.7,17.23,20.62,41.0568205
-31.380975,-24.5,-10.93,-38.97,9.2,18.11,23.54,12.3191456
124.3170875,7.42,-8.34,-54.57,2.11,17.36,26.67,23.1156906
605.8926,-11.43,-17.26,-20.82,12.27,17.34,20.44,41.0921716
116.64985,9.54,24.98,-1.77,12.05,18.7,19.57,12.2115237
118.5542,10.28,19.55,17.39,17.81,18,18.12,12.3480133
-39.4942,-17.29,-14.16,-32.28,-25.63,-17.28,-15.42,12.1963491
225.595675,7.13,-17.65,-32.77,6.9,17.83,24.49,17.8543267
115.9218,10.72,19.55,17.11,17.09,18.01,18.58,12.2228455
80.6905875,-7.06,-14.32,-38.77,-15.74,-17.42,-21.67,12.3913897
566.386925,-11.4,-17.26,-20.83,13.87,17.53,19.76,41.0594651
648.23885,-11.01,-17.2,-20.98,11.99,17.3,20.54,41.1277835
34.787025,-11.17,-11.11,-47.39,-15.03,-18.04,-19.88,12.3333915
194.1230375,1.43,25.99,4.46,4.04,-17.08,-29.96,23.1075425
119.55725,5.42,25.08,0.91,16.17,18.64,16.96,12.4210369
-120.451675,-16.79,-6.55,-36.79,12.19,17.34,20.49,41.0808799
191.9855875,1.66,26.07,4.45,4.74,-17.05,-30.34,23.2594766
144.7444875,6.24,-8.38,-53.93,3.19,17.4,26.08,23.1178148
199.27335,1.51,26.1,4.57,4.37,-17.03,-30.08,23.2534964
32.4275125,-11.92,-11.1,-46.92,-15.32,-18.04,-19.7,12.1440473
645.5014,-11.04,-17.21,-20.97,11.83,17.28,20.61,41.1283421
14.70265,6.69,24.69,-0.85,12.64,18.26,21.71,6.6624638
73.4193375,-7.48,-14.31,-38.51,-16.18,-17.41,-21.4,12.4101449
-5.547875,18.81,18.47,15.61,-14.48,-18.08,-20.32,12.2813956
333.4486875,7.59,-3.89,-47.4,8.84,16.98,21.94,39.5829101
68.9903875,-7.96,-14.35,-38.28,-15.39,-17.43,-21.91,12.1360193
145.23095,8.78,-6.96,-53.37,1.99,17.03,26.21,29.0052879
286.6704875,1.05,26.63,5.46,8.83,-16.16,-31.41,28.8046215
122.9167125,1.21,-12.45,-40.95,-14.62,-17.1,-21.85,23.1691892
117.33045,9.59,24.97,-1.86,-11.67,-18.1,-22.02,12.2148341
58.651975,-9.05,-14.33,-37.58,-15.19,-17.44,-22.04,12.1944485
-82.2142875,-24.24,-8.61,-35.98,8.49,-16.19,-31.24,28.5285809
17.7362,6.48,24.64,-0.65,-12.25,-18.25,-21.91,6.8031145
156.7922625,5.62,-8.51,-53.73,4.27,17.47,25.53,23.2419966
202.1205375,1.5,25.99,4.42,4.32,-17.06,-30.11,23.1406974
228.357025,1.38,26.09,4.64,4.19,-17.03,-29.98,23.2188024
115.62155,10.46,19.55,17.27,17.84,18,18.1,12.3279244
116.58645,4.85,25.09,1.26,17.24,18.62,16.28,12.2384835
112.67455,10.61,19.55,17.18,17.63,18.01,18.24,12.2003293
118.42195,10.48,19.55,17.26,17.99,18,18.01,12.2895959
-50.846725,-23.28,-9.39,-37.57,4.16,-17.04,-29.97,23.0442173
33.442125,-11.21,-11.17,-47.48,-14.9,-18.05,-19.97,12.3579099
160.711475,5.91,-8.4,-53.66,3.76,17.43,25.76,23.173137
255.2754375,0.65,26.46,5.47,7.74,-16.32,-31,27.8265261
14.77495,6.73,24.69,-0.77,-12.47,-18.25,-21.79,6.7608285
19.3917875,-12.71,-11.2,-46.62,-15.56,-18.04,-19.56,12.1740068
119.4826,4.98,25.24,1.29,17.7,18,18.2,12.395877
78.5717375,-2.12,-8.49,-49.03,-12.55,-17.76,-20.94,23.1256109
628.503725,-11.27,-17.24,-20.89,12.17,17.33,20.48,40.9920192
121.2050875,7.14,-8.35,-54.33,1.95,17.35,26.75,23.0500861
115.4066,11.32,19.55,16.72,16.65,18.03,18.87,12.1672585
119.43005,5.13,25.16,1.04,17.54,18.01,18.3,12.6209713
648.10035,-11.21,-17.22,-20.85,12.09,17.3,20.5,41.1306809
176.4511625,5.54,-8.6,-53.82,4.89,17.52,25.22,23.269979
164.969475,6.08,-8.68,-54.26,3.49,17.49,26.03,23.0984908
116.28895,4.99,25.11,1.03,17.84,18,18.11,12.204029
196.2436125,2.5,26.54,4.48,7.35,-16.38,-30.86,28.8175038
14.7632,6.7,24.6,-0.86,-12.47,-18.25,-21.78,6.6817111
-25.664375,-24.06,-10.21,-38.16,-2.83,-17.76,-26.87,17.7615687
-46.9426375,-20.11,-9.36,-39.44,3.93,-17.12,-29.96,23.0517993
645.2325,-10.57,-17.11,-21.06,11.79,17.24,20.58,41.0958287
3.84515,15.99,18.52,17.41,-13.28,-18.09,-21.06,12.3526424
116.59965,5.78,24.99,0.52,16.64,18.63,16.65,12.0973623
146.547275,5.58,26.73,2.92,7.42,-16.38,-30.9,28.1831528
61.78585,-8.93,-14.42,-37.81,-15.05,-17.46,-22.16,12.1360396
-65.4980625,-20.11,-10.47,-40.81,18.15,18,17.91,17.6967012
291.4018625,0.75,26.5,5.48,9.47,-16.24,-31.94,28.4040867
68.909225,-8.04,-14.3,-38.15,-15.06,-17.43,-22.1,12.2189518
210.701475,1.71,26.08,4.42,3.84,-17.08,-29.85,23.2255258
116.42155,5.18,25.03,0.96,17.03,18.62,16.4,12.1423351
68.6649125,-8.45,-14.43,-38.12,-15.32,-17.45,-21.99,12.3222108
288.453175,6.38,26.74,2.46,-2.98,-17.06,-25.66,28.7099549
7.9321625,15.27,18.53,17.88,-11.03,-18.17,-22.56,12.1737419
31.8107,-14.28,-10.31,-44.24,17.08,17.99,18.55,17.9618979
115.6769,10.89,19.55,17,17.8,18.01,18.13,12.2733084
-5.512775,18.01,18.48,16.12,-14.42,-18.09,-20.35,12.3947927
116.4016,5.25,25.1,0.87,17.76,18.01,18.17,12.1226875
118.647725,6.8,-8.47,-54.29,2.18,17.39,26.67,23.0512038
644.156425,-11.04,-17.18,-20.89,12.1,17.29,20.47,41.1158955
88.848375,17.36,25.67,-5.5,-11.74,-17.94,-21.72,17.7146195
211.0885,7.61,-17.73,-33.19,6.66,17.86,24.69,17.7591524
116.50825,4.51,25.19,1.49,18.04,18,17.98,12.3669606
115.794,10.74,19.55,17.1,17.33,18.01,18.43,12.192888
34.0129,-12.34,-11.21,-46.86,-15.68,-18.04,-19.48,12.199687
-4.9923,15.69,18.52,17.6,-12.22,-18.11,-21.74,12.203252
-42.5784125,24.52,19.13,13.04,-3.33,-17.09,-25.49,28.7730883
61.03915,0.07,-10.04,-36.35,-16.7,-16.9,-20.22,39.5475446
641.09595,-11.07,-17.3,-21.1,12.32,17.41,20.52,41.0546768
146.9202375,6.27,-8.38,-53.94,3.51,17.42,25.91,23.2200662
644.6656,-10.97,-17.24,-21.06,11.7,17.3,20.72,41.0307837
162.097075,16.26,25.4,-5.18,11.93,18.64,19.54,18.0858313
119.1713,13.76,18.55,18.83,-17.72,-18.03,-18.24,12.2753193
115.72725,10.42,19.55,17.3,17.89,18,18.07,12.1247855
72.4694625,-7.8,-14.31,-38.31,-16.44,-17.41,-21.23,12.3031796
-29.5074375,-27.63,-10.92,-37.05,5.04,18.18,26.2,12.2363437
196.055325,1.45,26.03,4.53,4.17,-17.11,-30.09,23.1752958
-12.8262,16.87,18.51,16.85,-11.06,-18.12,-22.46,12.1601771
87.7029875,8.66,-6.46,-52.47,-1.08,16.69,27.54,28.7050718
180.663075,1.82,26.08,4.36,3.86,-17.08,-29.86,23.2138652
116.31135,4.95,25.11,1.06,17.52,18.01,18.32,12.2476589
115.52975,10.58,19.56,17.2,17.93,18,18.05,12.1672356
115.840825,-3.78,-10.07,-50.28,-15.74,-17.97,-19.33,17.7789408
182.9754875,1.37,25.99,4.49,4.54,-17.05,-30.23,23.2152408
131.2110125,15.74,26.52,-3.4,-7.62,-17.58,-23.66,23.1354043
119.56105,5.24,25.06,0.97,17.36,18.62,16.2,12.3309368
35.69235,-11.84,-11.1,-46.97,-17.1,-18.01,-18.57,12.2236353
116.9149,5.94,25.14,0.64,-14.93,-18.04,-19.94,12.3150163
116.61895,4.98,25.04,1.09,16.47,18.63,16.76,12.2242044
-24.587425,-24.17,-10.32,-38.15,0.32,17.75,28.39,17.7489526
-38.7771375,-20.58,-11.02,-41.52,16.78,18.02,18.78,12.1451771
118.44575,11.37,19.54,16.7,15.01,18.04,19.9,12.2455123
124.5509375,7.38,-8.24,-54.4,2.06,17.33,26.66,23.2270582
169.1687125,6.07,-8.39,-53.83,4.41,17.45,25.42,23.2092368
115.74435,10.87,19.55,17.02,17.25,18.01,18.48,12.3745055
229.610775,1.45,26.06,4.56,4.31,-17.06,-30.11,23.0875971
77.1741,-7.46,-14.31,-38.52,-16.6,-17.41,-21.13,12.3045123
116.5335,4.45,25.19,1.53,17.76,18,18.16,12.1773465
211.295525,1.31,26.09,4.67,4.35,-17.03,-30.07,23.2640426
116.58955,4.45,25.1,1.52,17.34,18.62,16.22,12.1618247
645.26765,-10.97,-17.23,-21.05,12.11,17.34,20.53,41.1064092
640.641225,-11.05,-17.22,-20.98,11.78,17.29,20.65,41.2080728
116.49835,4.77,25.16,1.28,17.84,18,18.11,12.1382828
218.2476375,1.14,26.04,4.69,4.89,-16.97,-30.3,23.200924
52.8508875,4.43,-8.27,-52.66,-4.26,17.03,30.03,23.2066378
116.4428,4.9,25.16,1.19,17.31,18.01,18.45,12.1134097
116.54595,4.6,25.19,1.43,18.22,18,17.87,12.2732192
648.0354,-11.21,-17.22,-20.9,11.9,17.29,20.58,41.0472463
116.36855,4.46,25.17,1.47,17.74,18.01,18.18,12.1444213
119.61035,4.5,25.12,1.54,17.26,18.63,16.27,12.3319852
116.4923,4.46,25.19,1.52,17.83,18,18.12,12.196992
152.6393375,5.83,-8.41,-53.61,4.15,17.44,25.55,23.073954
174.963875,5.63,-8.31,-53.45,4.72,17.44,25.21,23.3876531
218.911425,6.84,-17.69,-32.66,6.93,17.85,24.51,17.6292752
-6.140625,15.93,18.52,17.45,-12.69,-18.1,-21.43,12.2975591
80.484775,-7.12,-14.32,-38.74,-16.35,-17.41,-21.29,12.3029044
648.55855,-10.87,-17.15,-20.93,11.96,17.26,20.51,41.079701
635.4813,-10.99,-17.21,-20.96,11.79,17.28,20.64,41.0949494
118.2496,12.4,18.57,19.69,-14.57,-18.07,-20.24,12.3467077
224.7523625,0.86,26.47,5.39,10.36,-16.23,-32.46,28.4898936
115.4869,10.76,19.55,17.09,18.08,18,17.95,12.0510392
116.7261,4.89,25.09,1.24,17.25,18.62,16.27,12.0651787
203.9865125,2.16,26.05,4.1,4.68,-17.01,-30.25,23.1766583
1.905175,13.79,18.43,18.43,-4,-16.81,-24.62,34.3748767
97.1874125,8.77,-6.76,-52.98,-1.79,16.74,28.04,28.6191659
215.175575,7.16,-17.69,-32.86,6.52,17.84,24.75,17.6762534
326.0863,0.26,26.4,5.63,9.25,-16.26,-31.82,28.7544522
81.2025125,8.71,-6.55,-52.65,-2.35,16.64,28.22,28.6979465
295.2029875,0.1,26.35,5.66,8.28,-16.36,-31.4,28.6866991
118.52095,10.79,19.55,17.07,18.05,18,17.97,12.4171727
297.2772875,0.09,26.46,5.82,9.64,-16.23,-32.02,28.6975823
116.33675,4.88,25.14,1.15,18.13,18,17.93,12.1640255
119.02235,5.85,25.01,0.33,17.34,18.02,18.45,12.2778314
-4.95425,15.01,18.54,18.04,-12.88,-18.12,-21.35,12.1681905
640.031025,-11.66,-17.31,-20.77,12.64,17.41,20.32,41.1975777
647.18805,-11.49,-17.32,-20.83,12.47,17.4,20.43,41.0487506
-10.51175,14.65,18.54,18.27,-18.13,-18.02,-17.98,12.322027
54.9707,-9.5,-14.32,-37.3,-16.83,-17.41,-21,12.3048014
80.1486625,8.74,-6.86,-53.2,-2.04,16.75,28.22,28.860465
115.50725,11.11,19.55,16.86,17.45,18.01,18.36,12.1270213
33.064075,-11.59,-11.16,-47.23,-15.34,-18.04,-19.69,12.3065339
640.213275,-11.2,-17.2,-20.82,12.02,17.28,20.51,41.0075143
-32.5267125,-24.99,-11.06,-38.92,8.96,18.18,23.8,12.2129187
295.06285,-0.43,26.36,5.98,9.64,-16.23,-32.02,28.634111
-9.213625,15.39,18.53,17.79,-10.73,-18.12,-22.66,12.6703462
116.46155,4.37,25.19,1.57,17.83,18,18.11,12.2041853
119.36815,4.37,25.22,1.63,18.13,18,17.93,12.3337599
205.4538,1.25,26.06,4.67,4.37,-17.06,-30.14,23.1368804
210.3578875,0.95,25.97,4.72,4.08,-17.07,-29.98,23.2302212
-10.1346,13.78,18.55,18.81,-17.35,-18.03,-18.48,12.3320324
115.81855,10.64,19.55,17.16,17.58,18.01,18.27,12.2912516
85.6920625,-2.4,-12.54,-38.89,-16.79,-17.18,-20.66,23.2816551
582.861625,-11.28,-17.23,-20.87,12.91,17.41,20.15,41.1613002
144.5090375,8.44,-6.57,-52.59,3.99,17.06,25.04,28.665967
51.961775,8.63,-6.56,-52.69,-4.38,16.5,29.25,28.5301211
-104.2292125,-14.24,-6.21,-37.78,12.81,17.4,20.21,41.1457906
640.8506,-10.92,-17.15,-20.91,11.83,17.24,20.56,41.1232402
14.77455,6.92,24.65,-0.96,-12.54,-18.26,-21.75,6.7111362
215.215,13.33,18.5,18.96,-17.08,-18.01,-18.61,17.8207611
645.53425,-11.04,-17.22,-20.99,11.78,17.29,20.65,41.052192
648.4845,-10.9,-17.19,-21.03,11.95,17.3,20.56,41.1544392
115.55525,10.31,19.56,17.37,17.63,18.01,18.24,12.1293788
644.668575,-10.82,-17.17,-21.05,11.82,17.27,20.6,41.0530594
641.999975,-10.8,-17.15,-20.98,11.91,17.26,20.54,41.119428
64.9019125,-8.45,-14.34,-37.96,-17.14,-17.41,-20.8,12.2595967
215.17295,7.08,-17.69,-32.81,6.59,17.84,24.71,17.6307757
-81.8492125,-19.41,-12.71,-28.91,9.56,-15.26,-33.64,28.7647245
14.73695,6.67,24.6,-0.84,-12.39,-18.26,-21.83,6.713198
158.989725,6.14,-3.69,-46.18,6.77,-15.09,-28.43,39.9595309
50.4627,-10.59,-11.18,-47.87,-17.02,-18.02,-18.63,12.2178081
35.6492,-11.66,-11.16,-47.19,-15.74,-18.04,-19.44,12.1756818
-2.256525,12.7,18.56,19.49,-16.46,-18.04,-19.04,12.4072172
59.471325,-8.4,-14.3,-37.92,-15.17,-17.43,-22.04,12.2234379
448.246925,7.57,-3.81,-47.24,10.41,17.14,21.25,39.5399918
3.1105875,14.73,18.54,18.22,-10.38,-18.14,-22.91,12.4763803
631.348,-11.28,-17.18,-20.75,11.93,17.24,20.51,41.0715267
115.55435,10.6,19.55,17.19,18.07,18,17.96,12.1779657
-12.95955,12.86,18.57,19.4,-15.01,-18.06,-19.96,12.3020315
116.7308875,6.18,-8.29,-53.75,2.26,17.34,26.55,23.1205899
118.65135,10.75,19.54,17.09,17.06,18.01,18.6,12.3198905
639.048375,-10.87,-17.14,-20.92,11.78,17.23,20.57,41.1293971
14.6658,7,24.65,-1.02,-12.67,-18.25,-21.66,6.7015412
644.778625,-10.89,-17.14,-20.91,11.77,17.23,20.57,41.0133362
169.45135,1.65,-13.45,-42.7,-17.62,-17.31,-20.35,17.8595013
-39.5425,-19.11,-11.03,-42.44,-15.62,-18.04,-19.51,12.3068154
163.8138,1.75,26.08,4.4,4.29,-17.07,-30.1,23.165456
-12.6953,12.92,18.57,19.37,-15.12,-18.07,-19.9,12.4255233
121.2531625,-1.02,-13.48,-41.13,-14.76,-17.27,-22.03,17.7690243
644.4491,-11,-17.19,-20.97,11.88,17.28,20.58,41.1061836
116.8434,4.94,25.09,1.21,17,18.63,16.43,12.17105
639.926,-11.22,-17.22,-20.88,12.18,17.32,20.45,41.0983875
642.6613625,-10.94,-17.15,-20.9,11.73,17.23,20.6,41.1506699
644.34975,-10.97,-17.19,-20.94,12.01,17.29,20.52,41.286086
19.7361375,14.4,18.55,18.43,-11.02,-18.14,-22.52,12.2232779
172.0367375,2.22,25.99,3.99,4.18,-17.11,-30.09,23.1547438
207.32235,1.3,26.02,4.56,4.55,-17.02,-30.18,23.5531434
217.9845,7.15,-17.69,-32.85,6.52,17.84,24.75,17.967406
640.700275,-10.91,-17.15,-20.92,11.92,17.25,20.52,41.0522861
65.893425,-8.07,-14.3,-38.13,-15.05,-17.43,-22.11,12.1721329
95.216225,-3.34,-13.46,-39.68,-14.19,-17.25,-22.35,17.7754962
115.7483,10.42,19.55,17.3,17.8,18.01,18.13,12.2999842
150.3555125,0.42,-13.46,-41.98,-16.99,-17.3,-20.72,17.9536042
116.4746,4.11,25.2,1.74,17.9,18,18.07,12.2049516
122.1402,7.72,-6.66,-52.3,-0.16,-16.83,-27,28.7491098
-1.18105,14.6,18.54,18.3,-11.45,-18.13,-22.23,12.2021231
119.5067,4.23,25.22,1.71,18.04,18,17.98,12.3216559
-38.7645625,-19.7,-11.04,-42.08,17.91,18,18.06,12.1598427
648.9202,-10.64,-17.11,-21.02,11.73,17.22,20.59,41.2980694
644.754425,-10.96,-17.16,-20.91,11.77,17.24,20.6,41.0023669
17.69915,6.71,24.61,-0.81,12.53,18.79,19.41,6.8058035
151.7693125,8.77,-6.59,-52.83,-0.44,-16.85,-26.86,28.6933077
14.66965,6.68,24.69,-0.74,-12.44,-18.26,-21.81,6.7994843
-37.1355625,-18.62,-11.1,-42.85,16.81,18.02,18.76,12.238059
116.44725,4.55,25.19,1.46,17.51,18.01,18.32,12.2151957
170.4117875,1.45,26.1,4.6,4.72,-17.01,-30.27,23.2987063
108.72255,11.43,24.97,-2.97,-11.38,-18.09,-22.19,12.2094452
119.38685,4.32,25.22,1.66,17.49,18.01,18.33,12.2718409
116.4097,4.31,25.19,1.61,17.45,18.01,18.36,12.093926
115.69135,10.4,19.55,17.31,17.66,18.01,18.22,12.1831652
214.639525,1.52,26.1,4.56,4.38,-17.03,-30.09,23.2900921
116.5016,4.39,25.19,1.56,17.7,18.01,18.2,12.1657783
-14.03735,16.51,18.51,17.08,-15.1,-18.06,-19.9,12.3170532
115.6255,10.69,19.55,17.13,17.66,18.01,18.22,12.1539678
-4.4920125,15.04,18.53,18.01,-10.61,-18.11,-22.72,12.4227494
211.598325,7.1,-17.69,-32.78,6.05,17.83,24.99,17.8806531
116.55395,5.14,25.09,1.08,16.84,18.63,16.53,12.172106
-12.3207125,15.75,18.52,17.56,-11.83,-18.11,-21.97,12.3702759
153.2187875,6.94,-8.36,-54.31,3.56,17.42,25.88,23.1452397
79.7312,-4.75,-13.48,-38.86,-16.01,-17.28,-21.28,17.8479527
51.0574125,8.76,-6.65,-52.82,-2.44,16.66,28.32,28.6347172
-38.879625,-20.99,-11.02,-41.16,17.63,18.01,18.24,12.221552
35.95615,-12.41,-11.15,-46.7,17.42,18.01,18.38,12.4021517
116.53005,4.67,25.09,1.38,16.87,18.63,16.52,12.2789028
115.59035,11.06,19.55,16.89,17.61,18.01,18.25,12.1724576
29.4237875,-13.13,-11.19,-46.35,17.26,18.01,18.47,12.2612141
-37.8711125,-18.36,-11.06,-42.93,17.12,18.01,18.56,12.2422613
116.658,4.63,25.09,1.4,16.87,18.63,16.51,12.0929279
115.6512,10.29,19.55,17.38,17.47,18.01,18.34,12.2492013
177.479875,2.3,26.1,4.1,3.92,-17.08,-29.9,23.0967843
207.506425,1.73,26.11,4.45,4.6,-17.02,-30.21,23.3098345
-47.1591625,-22.59,-9.36,-37.95,4.5,-17.02,-30.15,23.2581756
181.157475,7.65,-3.97,-47.58,5.23,16.59,23.52,39.6114116
115.701,10.45,19.55,17.28,17.92,18,18.05,12.2830187
173.9226,7.72,26.32,1.15,-0.19,-17.25,-27.67,23.1301624
168.5207625,8.72,-6.55,-52.65,2.92,16.99,25.58,28.8623535
641.851675,-10.78,-17.17,-21.06,11.81,17.27,20.61,41.206365
159.89065,8.68,-6.45,-52.48,1.72,16.88,26.14,28.6670213
14.70165,6.61,24.62,-0.74,12.21,18.81,19.63,6.8005216
648.5007,-10.85,-17.15,-20.96,11.9,17.26,20.54,41.1158031
645.19305,-11.1,-17.19,-20.87,12.11,17.29,20.47,41.1487145
23.9774375,-12.91,-11.2,-46.49,15.39,18.04,19.66,12.2159063
116.58195,4.62,25.09,1.41,16.84,18.63,16.53,12.2108704
116.58145,4.53,25.09,1.47,17.14,18.63,16.34,12.2177523
-38.0999875,-20.34,-10.97,-41.58,-17.35,-18.01,-18.41,12.1498738
150.8790125,7.41,-8.34,-54.57,3.7,17.42,25.8,23.2897399
-36.3814875,-20.79,-11.02,-41.39,14.71,18.05,20.08,12.1921151
146.352225,10.36,25.61,-1.35,-7.31,-17.85,-24.29,17.8220458
28.88935,-13.52,-11.19,-46.1,17.11,18.02,18.57,12.1760818
648.4711,-10.86,-17.15,-20.95,11.86,17.25,20.56,41.1270664
644.23695,-10.96,-17.16,-20.91,12.05,17.27,20.48,41.1407107
134.6550875,7.16,-8.45,-54.49,2.28,17.39,26.61,23.4607082
-5.55175,19.04,18.47,15.48,-13.82,-18.08,-20.71,12.2156597
115.61155,10.84,19.55,17.03,17.48,18.01,18.34,12.1087441
649.0236,-10.81,-17.15,-20.97,11.56,17.22,20.69,41.1053427
648.7777,-10.85,-17.18,-21.05,11.65,17.26,20.69,41.0733947
14.75485,6.55,24.62,-0.7,12.21,18.81,19.63,6.7313688
-2.02945,18.46,18.48,15.84,-8.92,-18.15,-23.81,12.6702156
119.76435,4.84,25.12,1.32,17.34,18.63,16.22,12.3493946
139.1775625,7.24,-8.25,-54.33,3.25,17.38,26.01,23.106618
640.2697,-11.45,-17.23,-20.72,11.86,17.26,20.57,41.1219149
133.2688125,8.63,-6.56,-52.69,1.86,16.92,26.11,28.5634188
45.5676375,-10.9,-11.11,-47.57,-16.07,-18.03,-19.22,12.3805179
164.4066375,8.74,-6.49,-52.67,-0.9,-16.86,-26.59,28.7148722
127.98045,6.94,-6.71,-51.91,-1.13,-16.9,-26.51,28.5925983
17.6138,6.41,24.75,-0.54,12.91,18.22,21.49,6.907176
648.5558,-10.8,-17.19,-21.09,11.85,17.29,20.62,41.0866168
131.3768625,7.99,-8.22,-54.65,1.6,17.31,26.9,23.2778299
116.3786,4.14,25.17,1.67,18.09,18,17.95,12.2025399
647.6623,-11.27,-17.24,-20.89,12.12,17.33,20.5,41.1082378
188.7143375,6.78,-12.16,-43.89,1.19,-16.43,-30.41,23.1298772
647.92645,-11.01,-17.21,-21,12.24,17.34,20.45,41.1043244
-38.65755,-16.78,-14.14,-32.55,-16.83,-17.4,-20.98,12.4396759
-38.8812375,-19.37,-14.13,-30.96,-16.67,-17.41,-21.08,12.217229
-13.85235,18.79,18.48,15.63,-9.33,-18.14,-23.55,12.4179378
12.996825,8.63,-6.45,-52.53,-4.24,16.48,29.12,28.6805134
118.46065,10.72,19.55,17.11,17.8,18.01,18.13,12.4034474
115.5956,10.48,19.55,17.26,17.74,18.01,18.17,12.203383
120.3946,11.96,24.97,-3.3,-13.1,-18.07,-21.1,12.3912046
120.54805,1.04,-7.18,-49.05,-16.57,-17.91,-18.72,28.5628871
119.44195,4.26,25.22,1.69,18.29,18,17.83,12.7050303
177.2543,2.79,-13.43,-43.38,-16.87,-17.3,-20.79,17.7256267
158.9279375,7.52,26.24,1.14,0.78,-17.21,-28.19,23.2678724
-37.8576125,-21.22,-10.95,-41.02,-13.85,-18.06,-20.63,12.1620887
-4.3586375,16.65,18.51,16.99,-9.58,-18.14,-23.4,12.325697
33.300925,-11.4,-11.1,-47.25,-14.8,-18.05,-20.03,12.1507535
200.1520625,1.67,26.11,4.48,5.24,-16.99,-30.55,23.2935818
173.68205,9.06,26.38,0.42,-0.68,-17.27,-27.4,23.2786654
116.5546,4.04,25.2,1.78,17.64,18.01,18.23,12.1882744
115.64695,10.66,19.55,17.15,17.66,18.01,18.22,12.1809393
119.52255,4.45,25.12,1.57,17.05,18.63,16.4,12.2804433
-43.7909,17.35,18.61,16.64,-12.39,-17.8,-21.12,23.1679088
116.3814,4.53,25.09,1.47,16.99,18.63,16.44,12.1869116
118.56985,10.5,19.55,17.25,18.04,18,17.98,12.3779655
648.1776,-10.66,-17.13,-21.04,12.15,17.29,20.44,41.3260276
84.4283,11.38,25.09,-2.75,-8.68,-18.12,-23.87,12.3476123
32.9066625,-12.59,-11.14,-46.59,16.53,18.02,18.93,12.1445489
172.472775,9.7,26.45,0.13,1.68,-17.14,-28.63,23.3650434
202.0694375,1.45,26.1,4.6,4.39,-17.03,-30.09,23.0705862
13.9250375,15.46,18.53,17.75,-7.75,-18.17,-24.55,12.3957061
116.33315,4.55,25.19,1.46,17.62,18.01,18.25,12.2733892
637.60705,-10.95,-17.15,-20.9,12.12,17.27,20.44,41.0961192
-8.1215125,19.99,18.45,14.86,-7.89,-18.18,-24.49,12.2683908
223.0178875,1.53,26.04,4.48,4.15,-17.11,-30.07,23.0944906
-12.435425,-23.75,-10.94,-39.34,4.41,18.17,26.56,12.4432268
-42.673975,-27.08,-14.02,-26.07,-24.71,-17.29,-16,12.1769206
158.4305,1.98,26.12,4.31,5.03,-17,-30.44,23.2100024
638.216125,-11.03,-17.17,-20.88,12.3,17.3,20.37,41.1783227
-17.9213875,-15.34,-11.1,-44.85,18.91,17.99,17.43,12.1719748
648.29915,-10.91,-17.21,-21.06,11.99,17.32,20.57,41.0999866
14.8263,6.56,24.62,-0.71,12.11,18.81,19.7,6.7396603
226.10685,1.45,26.02,4.48,4.71,-17.01,-30.27,23.2041515
-39.0997875,-21.02,-11.06,-41.32,18.97,17.99,17.39,12.1827868
103.1455,5.43,-6.7,-51,9.99,-16.13,-32.06,29.094429
116.5795,4.96,25.09,1.19,16.67,18.63,16.64,12.1471635
644.433575,-10.99,-17.18,-20.91,12.09,17.29,20.48,41.1606488
9.2051125,16.17,18.52,17.3,-7.32,-18.19,-24.86,12.1419056
176.7591625,6.06,26.18,1.94,3.88,-17.08,-29.87,23.2235129
63.3898,-8.59,-14.34,-37.88,-16.19,-17.42,-21.4,12.1294287
115.89315,10.31,19.55,17.37,18.06,18,17.97,12.5524086
119.27275,4.46,25.19,1.52,18.09,18,17.95,12.4777687
161.534725,10,26.34,-0.2,4.09,-17.07,-29.99,23.1659896
645.0163,-10.75,-17.17,-21.09,11.64,17.26,20.69,41.0991516
14.69125,6.72,24.61,-0.81,12.52,18.79,19.42,6.7625794
-3.637775,17,18.5,16.76,-11.34,-18.14,-22.32,12.2295547
57.5460875,-7.68,-10.12,-47.97,-14.81,-17.96,-19.88,17.7472783
638.125725,-11.22,-17.23,-20.9,12.2,17.33,20.46,41.1423337
116.39035,4.86,25.19,1.26,17.27,18.01,18.47,12.2913348
29.8729375,-14.06,-10.25,-44.2,16.88,17.99,18.66,17.625932
643.976775,-10.99,-17.2,-20.99,12.27,17.34,20.42,41.0445164
116.6213,4.48,25.1,1.5,16.35,18.64,16.84,12.325093
101.1473,6.12,-12.19,-43.53,2.83,-16.36,-31.3,23.2655438
115.56815,10.71,19.55,17.12,17.99,18,18.01,12.2057406
-49.6689875,-23.01,-9.43,-37.79,4.86,-17.04,-30.4,23.298736
648.56745,-10.91,-17.16,-20.93,11.86,17.25,20.56,41.121742
14.7376,6.73,24.69,-0.77,-12.37,-18.26,-21.85,6.7549036
-11.85335,-15.42,-11.16,-44.78,16.11,18.03,19.2,12.2388902
638.3978,-11.04,-17.21,-20.97,12.2,17.33,20.46,41.1020047
-9.000375,15.59,18.53,17.67,-12.11,-18.12,-21.81,12.1396729
-9.6344875,19.13,18.47,15.41,-13.41,-18.09,-20.99,12.344842
7.3677125,-14.86,-11.17,-45.14,16.65,18.02,18.86,12.1225198
-39.7541,-21.01,-11.02,-41.25,16.09,18.03,19.21,12.3114177
8.994075,15.16,18.53,17.94,-7.49,-18.19,-24.75,12.28553
208.2617875,1.73,26.11,4.45,4.1,-17.04,-29.93,23.2502777
129.3861,7.06,-6.7,-51.97,9.38,-16.21,-31.82,28.7215027
-37.7272,-21.22,-11.06,-41.09,15.95,18.03,19.31,12.3922408
644.488925,-10.87,-17.15,-20.93,12.05,17.27,20.47,41.0288785
13.193075,15.2,18.53,17.92,-8.18,-18.18,-24.31,12.1604699
335.876425,19.29,18.82,15.73,-17.47,-18,-18.32,28.7570295
638.5416,-10.92,-17.15,-20.91,12.16,17.28,20.42,41.149279
17.3700375,-13.35,-11.19,-46.21,15.89,18.04,19.34,12.1471256
-40.7086625,-22.64,-14.08,-28.89,-17.67,-17.39,-20.45,12.4009417
-39.205525,-21.93,-14.11,-29.38,-17.07,-17.41,-20.84,12.1645815
643.888,-11.21,-17.23,-20.92,12.29,17.35,20.43,41.2225053
14.8068,6.84,24.58,-0.96,12.58,18.8,19.38,6.7261161
-21.4657875,-16.35,-11.03,-44.1,-14.48,-18.05,-20.23,12.3648655
175.1032125,6.72,26.2,1.58,4.04,-17.08,-29.96,23.2572895
73.3196375,-8.5,-14.34,-37.94,-16.27,-17.42,-21.35,12.2145758
22.764225,-0.6,-8.51,-49.98,4.26,-17.07,-30.08,23.1523631
218.8886,1.2,25.98,4.58,4.25,-17.07,-30.07,23.1638603
116.67515,4.59,25.19,1.44,18.05,18,17.98,12.234547
194.645425,0.88,25.97,4.76,5.42,-17.02,-30.71,23.1541038
116.5753,4.79,25.09,1.31,17.02,18.63,16.42,12.2243901
-39.86835,-27.5,-10.86,-37.03,-16.53,-18.02,-18.93,12.3098413
639.242175,-10.75,-17.16,-21.08,11.66,17.26,20.67,41.0574174
14.7629,6.58,24.61,-0.78,-12.14,-18.27,-22.01,6.6652946
119.4089,4.74,25.09,1.34,17.09,18.63,16.37,12.3820265
70.1008375,12.09,-10.74,-44.94,8.52,-15.42,-33.27,28.5995245
119.53735,4.15,25.13,1.76,16.92,18.63,16.49,12.3799291
-79.3660375,-19.16,-12.66,-28.99,9.13,-15.24,-33.35,28.6729855
116.4652,3.99,25.22,1.86,18.19,18,17.89,12.5173696
115.72995,10.43,19.55,17.3,17.86,18,18.09,12.1926139
189.988075,1.13,26.01,4.66,4.92,-17,-30.38,23.2651977
647.9891,-11.07,-17.19,-20.88,12.29,17.31,20.39,41.0390394
639.997475,-11.18,-17.21,-20.9,12.33,17.33,20.39,41.3848185
118.4454,10.38,19.55,17.33,17.87,18,18.08,12.385902
116.51275,4.52,25.19,1.48,17.89,18,18.08,12.1696933
176.506725,1.43,26.02,4.49,4.41,-17.02,-30.1,23.2886779
24.19125,-0.02,-8.57,-50.42,3.98,-17.11,-29.98,23.1211416
181.56545,15.27,18.56,17.73,5.77,-15.81,-28.97,34.2176066
-40.1102875,16.08,18.54,17.34,-12.33,-17.94,-21.38,17.5915836
645.2374,-11.09,-17.17,-20.84,12.11,17.27,20.44,41.1255502
636.502025,-11.08,-17.2,-20.94,12.04,17.3,20.51,41.1386725
14.6792,6.73,24.69,-0.77,-12.45,-18.25,-21.8,6.7995206
-39.38885,-24.32,-11,-39.22,17.86,18,18.09,12.2718119
115.66455,10.85,19.55,17.03,17.39,18.01,18.39,12.2134474
-38.87835,-20.73,-11.07,-41.4,17.95,18,18.03,12.2282067
116.6356,4.71,25.07,1.31,17.12,18.62,16.35,12.5639725
119.398,4.33,25.22,1.65,18.17,18,17.9,12.2825319
22.0506875,-0.67,-8.6,-50.06,4.31,-17.1,-30.16,23.1532539
-20.3801,17.05,18.66,16.85,6.71,-16.38,-30.46,28.6493075
-38.014675,-20.66,-11.02,-41.37,16.38,18.02,19.03,12.3376347
647.99785,-11.22,-17.23,-20.9,11.98,17.3,20.55,41.1345907
-38.80955,-20.71,-11.02,-41.33,17.12,18.01,18.55,12.4534813
576.505675,-10.85,-17.18,-21.05,14.28,17.57,19.57,41.1903709
-42.020575,20.85,18.59,14.52,-9.14,-17.92,-23.29,17.8491148
26.5886625,-13.4,-11.13,-46.08,16.98,18.02,18.65,12.3298331
644.081025,-11.16,-17.22,-20.92,12.11,17.32,20.49,41.0881341
14.76485,6.73,24.69,-0.77,-12.22,-18.27,-21.96,6.6961285
-42.081775,-29.71,-13.97,-24.39,-17.3,-17.39,-20.67,12.6887069
116.6382,4.27,25.17,1.59,17.84,18,18.12,12.2737188
116.29975,4.72,25.16,1.31,17.82,18,18.13,12.1517685
14.539125,14.49,18.54,18.37,-7.51,-18.19,-24.73,12.2000598
-46.5507875,-18.07,-13.12,-30.28,4.58,-16.2,-32.12,23.2044397
116.4854,4.44,25.19,1.53,17.81,18,18.13,12.1963269
116.6735625,6.84,-8.27,-54.03,1.94,17.33,26.71,23.322383
-35.7348125,-22.11,-11,-40.45,14.71,18.05,20.08,12.1633403
-40.324925,-33.17,-10.81,-33.49,8.73,18.11,23.84,12.3066993
-38.7927125,-20.44,-11.03,-41.51,17.22,18.01,18.49,12.1438441
119.15945,7.24,-10.98,-42.38,9.09,-15.34,-33.48,28.9286408
-37.5015625,-20.69,-11.02,-41.35,16.42,18.02,19,12.3832024
-77.7159375,-15.66,-12.46,-30.79,10.39,-15.2,-34.05,28.6190164
-39.3537,-27.57,-10.92,-37.09,14.65,18.05,20.12,12.2277607
-5.411725,13.2,18.57,19.2,-17.8,-18.03,-18.19,12.187707
106.981525,12.69,25.68,-2.67,-2.33,-17.76,-27.17,17.7894878
618.70875,-11.08,-17.17,-20.84,12.42,17.31,20.31,41.1974475
116.6319,10.57,25.73,-1.3,-0.96,-17.74,-27.97,17.9264936
116.5586,5.02,25.06,1.11,16.94,18.63,16.46,12.2240221
648.524,-10.69,-17.11,-20.99,12.05,17.26,20.46,41.0819558
14.7057,6.7,24.61,-0.8,12.22,18.81,19.62,6.6856041
-9.0001625,17.79,18.49,16.27,-7.94,-18.16,-24.43,12.3407452
-38.7895375,-20.44,-11.07,-41.58,17.04,18.02,18.61,12.1569904
115.76505,11.06,19.54,16.9,18.22,18,17.86,12.5367222
-38.2175125,-16.46,-14.18,-32.81,-17.47,-17.39,-20.58,12.3609371
116.73385,4.46,25.1,1.51,17.11,18.63,16.36,12.2642071
21.28255,-12.82,-11.2,-46.54,15.68,18.04,19.48,12.2256339
115.7518,10.49,19.55,17.25,17.6,18.01,18.26,12.2026117
-40.032725,-25.37,-10.89,-38.38,-14.83,-18.05,-20.01,12.3044452
116.4922,4.69,25.09,1.37,17.04,18.63,16.4,12.151742
-30.09585,-8.69,-8.77,-45.47,4.32,-17.03,-30.05,23.2353042
203.695225,1.57,26.07,4.5,4.11,-17.07,-30,23.202377
-38.771175,-22.22,-11.04,-40.55,15.34,18.04,19.69,12.5059863
116.5449,4.55,25.19,1.46,17.78,18,18.15,12.2087254
119.2345,4.89,25.19,1.25,16.11,18.03,19.21,12.380565
648.36565,-10.72,-17.17,-21.11,12.1,17.32,20.5,41.0586856
116.63755,4.63,25.09,1.4,17.21,18.62,16.3,12.2039132
119.46545,4.49,25.12,1.54,17.28,18.63,16.26,12.2621755
-39.67655,-17.13,-14.17,-32.38,-16.44,-17.41,-21.23,12.3392134
115.6525,10.47,19.56,17.27,17.26,18.01,18.48,12.1027878
630.5856,-11.17,-17.18,-20.81,12.11,17.27,20.44,41.0743151
-84.4368875,-16.01,-9.33,-41.85,19.94,18.08,16.94,23.0650453
644.81265,-10.73,-17.13,-20.99,11.94,17.25,20.51,41.2037819
638.00505,-11.21,-17.18,-20.79,12.42,17.31,20.31,41.1306942
116.4566,4.86,25.16,1.22,17.24,18.01,18.5,12.2294827
-10.4174875,-21.88,-11,-40.7,1.38,18.24,28.52,12.1905141
189.054325,1.64,26.06,4.42,3.86,-17.01,-29.75,23.3650725
643.995675,-11.26,-17.24,-20.89,12.17,17.33,20.48,41.1320375
77.0532,8.01,-8.32,-54.81,0.04,17.27,27.79,23.2431334
113.5841,4.43,25.19,1.54,18.13,18,17.92,12.3524672
207.6234875,1.58,26.07,4.49,4.47,-17.06,-30.2,23.2175336
-134.2449625,-18.11,-6.56,-36,13.29,17.45,19.99,41.1302886
58.335825,5.4,-12.29,-43.24,4.79,-16.32,-32.43,23.164444
118.55245,10.41,19.55,17.31,17.61,18.01,18.25,12.4270274
312.2584125,-0.4,26.5,6.12,10.69,-15.99,-32.27,28.7097606
173.51935,3.05,26.17,3.73,4.25,-17.03,-30.02,23.0699407
118.4175,11.06,19.54,16.89,17.45,18.01,18.35,12.3691937
116.52875,4.3,25.1,1.62,17.19,18.62,16.31,12.2432509
116.5355,4.74,25.19,1.34,17.77,18,18.16,12.2057098
30.518325,-13.33,-11.19,-46.22,17.31,18.01,18.44,12.2032663
173.538,5.62,26.2,2.24,5.14,-17.07,-30.62,23.1533154
118.74395,10.72,19.54,17.11,17.99,18,18.01,12.468809
107.727425,5.8,-6.58,-51.04,9.81,-16.1,-31.9,28.6702827
143.994575,8.72,-6.38,-52.5,10.9,-16.02,-32.44,28.5271958
164.7669625,5.79,26.17,2.08,3.83,-17.08,-29.85,23.2240115
116.64245,4.48,25.1,1.5,17.24,18.62,16.28,12.2082462
119.5417,4.22,25.12,1.71,16.82,18.63,16.55,12.3723998
647.6004,-11.24,-17.23,-20.89,12.35,17.34,20.39,41.1034655
14.8559,6.67,24.61,-0.78,12.31,18.8,19.56,6.7515899
115.78855,10.91,19.54,16.99,17.77,18.01,18.15,12.4844378
210.4330375,1.38,26.06,4.6,4.34,-17.06,-30.12,23.1946915
174.0575375,1.33,26.12,4.7,4.95,-16.96,-30.34,23.436608
115.59765,10.47,19.55,17.27,17.62,18.01,18.24,12.274267
639.813725,-11.16,-17.17,-20.8,12.4,17.3,20.31,41.1983168
631.4701375,-11.2,-17.22,-20.91,11.87,17.29,20.59,41.1171735
-44.815325,-19.8,-13.25,-29.43,3.52,-16.33,-31.68,23.0844041
119.47135,4.77,25.21,1.37,17.73,18,18.18,12.2796675
-47.03585,17.39,18.55,16.57,-11.8,-17.94,-21.71,17.5915478
177.3872,5.09,26.18,2.51,4.27,-17.03,-30.02,23.3163089
153.46725,8.26,25.62,-0.07,-1.69,-17.75,-27.54,17.8233169
634.325275,-11.34,-17.25,-20.86,12.08,17.32,20.52,41.1277657
648.0256,-11,-17.21,-21,12.16,17.33,20.48,41.1033334
18.82075,-13.61,-11.18,-46.04,16.19,18.03,19.16,12.2196008
-9.630475,21.31,18.43,14.02,-15.92,-18.05,-19.39,12.1686193
187.8651625,16.61,-16.61,-36.84,4.06,17.41,25.54,23.3022206
-38.6258125,-20.29,-10.97,-41.61,-15.21,-18.04,-19.76,12.1568246
214.318825,1.5,26.06,4.49,4.7,-16.98,-30.2,23.6022524
195.345925,1.62,26,4.35,3.99,-17.08,-29.93,23.3549787
183.6253,1.58,26.07,4.49,3.96,-17.08,-29.92,23.0947741
-36.2215625,-16.47,-13.65,-31.98,9.07,-16.89,-35.95,17.847391
648.10305,-10.93,-17.15,-20.91,12.29,17.29,20.36,41.1518895
14.8696,6.61,24.62,-0.74,12.25,18.81,19.6,7.1146993
643.96015,-11.09,-17.22,-20.97,12.16,17.33,20.48,41.1968542
127.8278625,8.55,-8.29,-55.19,1.52,17.34,26.99,23.2839086
644.50705,-10.92,-17.19,-21.02,11.99,17.3,20.54,41.0678443
115.72575,10.21,19.56,17.43,17.6,18.01,18.26,12.1859149
118.55195,10.09,19.56,17.51,18.11,18,17.93,12.3571495
68.5027625,12.02,-10.58,-44.66,8.79,-15.31,-33.25,28.7662278
163.3535875,4.52,26.11,2.78,4.39,-17.06,-30.15,23.1516982
169.1089625,1.84,26.11,4.39,4.65,-17.01,-30.23,23.2998888
116.5554,4.62,25.09,1.41,17.34,18.62,16.22,12.1815256
119.66145,4.6,25.09,1.43,17.4,18.62,16.18,12.2369938
222.5615625,2.94,26.02,3.6,4.11,-17.11,-30.05,23.1992159
306.7309,0.33,26.58,5.82,10.36,-16.06,-32.18,28.7823963
-38.8166,-21.3,-11.01,-41.07,17,18.02,18.63,12.1865753
119.48135,5.01,25.09,1.16,16.97,18.63,16.45,12.3846116
115.4786,11.09,19.55,16.88,17.81,18.01,18.13,12.171265
636.293625,-11.06,-17.16,-20.84,12.25,17.28,20.37,41.0983019
156.41375,10.48,18.46,20.64,-17.71,-18.02,-18.24,17.6579147
106.156875,6.69,-8.27,-53.94,2.02,17.33,26.67,23.3237644
183.1084875,7.74,26.36,1.19,3.32,-17.07,-29.51,23.5539299
69.695225,12.69,-10.54,-45,8.68,-15.32,-33.2,28.725536
647.7223,-11.24,-17.23,-20.89,12.36,17.35,20.39,41.1135705
17.63795,6.55,24.72,-0.69,12.86,18.24,21.54,6.8467662
-63.737375,-13.43,-7.88,-41.4,9.68,-16.1,-31.83,28.5721102
161.648825,6.37,26.35,1.98,5.05,-16.96,-30.39,23.6523462
116.62135,4.84,25.06,1.22,17.12,18.62,16.35,12.2279485
28.9975375,-12.29,-11.15,-46.78,15.82,18.03,19.38,12.221011
16.8758875,15.25,18.53,17.88,-8.57,-18.17,-24.06,12.2578834
116.58855,4.55,25.09,1.46,17.17,18.62,16.33,12.1541259
384.2479625,-5.32,26.16,8.58,7.72,-16.2,-30.8,28.7984273
115.72895,10.5,19.55,17.25,17.63,18.01,18.24,12.2076429
119.49145,4.44,25.12,1.57,17.28,18.63,16.26,12.3839868
163.0427875,8.94,26.3,0.37,4.01,-17.08,-29.94,23.4471092
16.8588375,14.49,18.54,18.37,-7.73,-18.18,-24.6,12.1599362
26.964475,-0.33,-8.5,-50.13,4.79,-17.04,-30.37,23.2506559
118.69125,10.44,19.55,17.29,17.67,18.01,18.21,12.4210565
116.5722,4.77,25.09,1.32,17.27,18.62,16.26,12.2933513
116.4986,4.58,25.09,1.44,17.27,18.62,16.26,12.1629972
-54.258175,-17.47,-10.18,-42.03,15.37,17.96,19.54,17.8490489
113.554325,11.69,25.62,-2.14,-1.56,-17.77,-27.66,17.6500014
64.23975,6.82,-6.61,-51.7,6.57,-16.35,-30.34,28.6918025
-37.7976125,-19.66,-10.99,-41.92,17.83,18,18.11,12.28081
-39.2705125,-16.17,-9.09,-41.42,5.15,-16.99,-30.5,23.1845701
116.46165,4.62,25.19,1.42,17.86,18,18.1,12.1825118
-13.1292,15.64,18.52,17.63,-13.03,-18.08,-21.2,12.4065654
105.4612625,6.84,-6.71,-51.86,7.25,-16.35,-30.75,28.6307632
644.3198,-10.95,-17.15,-20.9,12.16,17.28,20.42,41.2112452
115.6025,10.39,19.55,17.32,17.59,18.01,18.26,12.4454641
318.1983625,-0.67,26.48,6.26,9.07,-16.11,-31.47,28.7016079
115.7645,10.63,19.55,17.16,17.48,18.01,18.34,12.1992307
-58.1904875,24.68,19.44,13.4,5.36,-15.85,-28.78,34.4286589
-39.645875,-20.34,-11.03,-41.67,15.72,18.03,19.45,12.404949
220.45635,1.52,26.07,4.52,3.91,-17.08,-29.89,23.1384373
-35.6919875,12.06,18.4,19.52,10,-16.85,-33.25,23.5183321
-39.0447875,-18.29,-14.15,-31.65,-18.59,-17.38,-19.87,12.1232347
115.56355,10.56,19.55,17.21,17.71,18.01,18.19,12.1708961
-19.8548625,-11.71,-12.75,-33.58,-18.59,-17.24,-19.66,23.2723804
14.7442,6.82,24.58,-0.94,12.26,18.81,19.6,6.6572314
-48.9138625,-13.99,-8.05,-41.29,7.83,17.32,23.12,28.7754815
95.9551375,8.18,-8.21,-54.76,0.82,17.28,27.32,23.0543378
171.2932375,7.69,26.32,1.17,4.74,-17.05,-30.34,23.3894803
116.60305,4.89,25.06,1.19,17.18,18.62,16.31,12.1683422
-10.9090375,-22.58,-10.89,-40.08,-5.32,-18.16,-25.99,12.3206809
-6.9536125,19.25,18.47,15.34,-6.32,-18.19,-25.46,12.3219377
-39.0878625,-20.36,-10.98,-41.48,17.47,18.01,18.34,12.2802476
648.5707,-10.59,-17.1,-21.03,12.11,17.26,20.43,41.108187
14.7997,6.42,24.73,-0.6,12.66,18.24,21.68,6.772221
116.5454,4.6,25.09,1.43,17.21,18.62,16.3,12.2814657
641.6825,-11.2,-17.17,-20.78,12.51,17.31,20.26,41.0941741
636.8119,-11.25,-17.23,-20.88,12.25,17.33,20.43,41.0893268
115.79885,10.5,19.55,17.25,17.89,18,18.07,12.2460389
115.74675,10.38,19.55,17.33,17.72,18.01,18.18,12.2480761
116.56055,4.32,25.19,1.61,17.79,18,18.15,12.1973713
-17.715225,-21.39,-10.91,-40.83,-8.49,-18.12,-23.99,12.3049116
-35.9889125,17.75,18.7,16.49,-4.04,-17.12,-25.1,28.9373728
149.47395,8.43,-8.4,-55.27,3.13,17.43,26.15,23.2043886
162.3911375,3.02,26.13,3.71,4.11,-17.07,-30,23.1855105
-38.0668625,-21.53,-11.05,-40.89,16.68,18.02,18.84,12.2100247
116.46035,4.35,25.19,1.59,17.35,18.01,18.42,12.1588644
120.1055,8.93,25.03,-1.32,15.93,18.64,17.11,12.3351959
131.321375,11.43,26.4,-0.98,5.14,-17.03,-30.56,23.1243155
94.61055,12.24,25.75,-2.28,-3.8,-17.78,-26.31,17.8495822
-46.293125,-12.04,-12.93,-33.65,5.74,-16.24,-32.88,23.2871236
116.65295,4.22,25.17,1.62,17.05,18.02,18.62,12.2606032
-26.540525,-20.83,-14.11,-30.03,-8.88,-17.52,-26.01,12.1113952
-37.01815,-29.22,-10.92,-36.1,4.61,18.21,26.51,12.1828025
-40.704925,-18.74,-11.1,-42.78,25.74,17.88,13.08,12.3062041
116.5165,4.58,25.19,1.44,17.75,18,18.17,12.1673136
9.663225,9.26,-7.9,-55.05,8.86,-16.79,-32.43,23.3184972
148.89275,10.03,-12.03,-45.65,16.43,-15.79,-38.68,23.2151289
-119.882675,12.68,18.29,18.84,-9.75,-17.11,-21.58,41.1445141
-50.198,-23.49,-9.4,-37.46,4.64,-17.01,-30.23,23.0973773
-37.3190125,-5.78,-8.64,-47.05,8.8,-16.83,-32.47,23.2342455
209.311975,1.42,26.02,4.5,4.35,-17.03,-30.07,23.3384002
115.32785,12.03,19.53,16.27,15.47,18.05,19.62,12.2295761
116.3607,4.09,25.2,1.75,18.25,18,17.85,12.1503537
118.55945,10.61,19.55,17.18,18.19,18,17.88,12.3505441
-7.5295,21.98,18.44,13.63,-6.82,-18.16,-25.11,12.5669282
50.6172,-12.85,-10.17,-44.83,16.79,17.98,18.71,17.6035439
-40.74275,-22.74,-10.99,-40.15,21.29,17.96,15.92,12.3748074
-13.29105,-15.31,-11.16,-44.86,17.06,18.01,18.6,12.3208214
59.3577,-10.19,-14.27,-36.79,-18.38,-17.38,-20,12.2458325
291.2247125,-0.36,26.5,6.13,10.01,-16.12,-32.07,28.6029601
643.59505,-11.21,-17.22,-20.9,12.39,17.35,20.37,41.0503874
193.7375625,1.2,26.05,4.7,4.34,-17.06,-30.12,23.7014717
116.40325,4.64,25.07,1.35,16.97,18.63,16.45,12.1917232
644.741875,-10.79,-17.14,-20.97,11.88,17.25,20.54,41.1784416
14.65505,6.66,24.62,-0.78,12.22,18.81,19.62,6.7174281
95.811225,11.8,24.97,-3.2,-10.29,-18.11,-22.88,12.2764781
118.62765,10.78,19.55,17.07,18.12,18,17.93,12.2831594
-39.1432625,-17.9,-14.16,-31.9,-19.55,-17.37,-19.26,12.1982995
143.1558125,7.25,-8.35,-54.39,2.69,17.38,26.34,23.1922279
113.7622,4.4,25.1,1.55,17.46,18.62,16.14,12.2902101
15.29745,14.29,18.54,18.49,-6.36,-18.19,-25.44,12.2152427
211.927325,2.18,26.13,4.21,4.5,-17.02,-30.15,23.3223548
173.8923875,5.07,26.18,2.54,4.02,-17.11,-30.01,23.1497764
122.8436125,17.04,26.63,-4.04,11.69,-16.76,-34.11,23.1256452
173.757,7.86,-8.12,-54.52,4.42,17.41,25.34,23.1753767
196.47365,1.27,26.09,4.7,4.6,-17.02,-30.21,23.4666334
3.9064625,16.89,18.5,16.84,-6.66,-18.2,-25.28,12.2487216
-181.2525,-18.99,-12.12,-28.12,-12.29,-16.49,-22.25,37.4814243
139.4681375,12.64,26.4,-1.71,1.47,-17.22,-28.61,23.0564214
116.5039,4.45,25.19,1.53,17.85,18,18.1,12.2270779
648.14825,-10.86,-17.16,-20.97,12.15,17.29,20.45,41.1401396
144.7144875,6.41,26.35,1.96,3.73,-17.02,-29.68,23.3941246
323.4589,-4.55,17.74,28.61,-10.05,-17.71,-22.39,23.1369818
268.883425,-7.32,26.02,9.58,6.54,-16.28,-30.21,28.8592854
116.5903,4.64,25.19,1.41,17.31,18.01,18.44,12.2619637
116.71965,5.21,25.08,1.04,16.82,18.63,16.55,12.1888138
-33.5864625,-16.14,-11.09,-44.34,18.32,18,17.8,12.3394575
89.479075,6.16,-8.29,-53.74,1.27,17.3,27.09,23.4842382
622.7726375,-11.16,-17.23,-20.94,12.41,17.36,20.38,41.1497426
86.5955625,5.02,-8.37,-53.17,9.4,-16.89,-32.94,23.1467295
119.3017,4.63,25.19,1.41,18.25,18,17.85,12.3423904
116.42555,4.88,25.06,1.2,17.48,18.62,16.12,12.1811538
118.5363,10.33,19.55,17.36,17.97,18,18.02,12.3566978
8.423875,-1.42,-8.63,-49.65,4,-17.11,-29.99,23.1840997
216.8699125,0.85,26.03,4.84,4.36,-16.99,-30.02,23.3087858
182.0602,2.46,26.07,3.97,4.2,-17.1,-30.11,23.0830493
-93.5324375,-26.65,-8.1,-33.61,-5.14,15.8,28.58,34.3460247
115.73425,10.53,19.55,17.23,17.65,18.01,18.22,12.2907054
11.48965,15.11,18.53,17.97,-8.22,-18.16,-24.25,12.2445313
130.9038625,8.66,-12.08,-44.91,9.27,-16.09,-34.8,23.092114
301.702675,-3.16,25.83,6.98,3.8,-17.05,-29.77,23.5595537
204.99895,1.39,26.06,4.59,5,-17.04,-30.48,23.1799055
215.6488625,1.56,25.99,4.39,4.69,-17.05,-30.31,23.1936982
222.94125,1.62,26.07,4.47,4.56,-17.05,-30.25,23.1085124
647.8903,-10.97,-17.17,-20.91,12.38,17.31,20.34,41.0495417
-8.7479125,20.13,18.46,14.78,-10.16,-18.13,-23.03,12.3158934
638.2939,-11.11,-17.18,-20.85,12.26,17.3,20.39,41.1471474
14.7935,6.83,24.69,-0.94,12.61,18.26,21.73,6.7733593
40.7244625,-10.6,-11.17,-47.85,17.78,18.01,18.14,12.3057974
115.53995,10.69,19.55,17.13,17.75,18.01,18.16,12.1271893
42.38535,-11.08,-11.11,-47.45,-15.51,-18.04,-19.58,12.3421601
53.2924,-7.68,-11.22,-49.7,17.55,18.01,18.29,12.2368514
115.65845,10.34,19.55,17.35,17.7,18.01,18.19,12.2017065
-61.470975,-23.46,-9.4,-37.48,9.56,-16.8,-32.88,23.3162447
1.84485,18.63,18.47,15.73,-6.11,-18.21,-25.63,12.2608115
642.2127,-10.84,-17.18,-21.06,12.38,17.35,20.38,41.0275475
644.329325,-10.96,-17.16,-20.89,12.17,17.28,20.42,41.1792164
136.8042125,8.52,-8.29,-55.17,2.82,17.39,26.28,23.1981673
642.5512,-10.75,-17.19,-21.13,12.14,17.34,20.51,41.1004006
648.4618,-10.83,-17.15,-20.97,12.04,17.27,20.48,41.176758
121.43205,-9.95,-9.1,-45.09,17.82,17.99,18.1,23.1598885
116.5445,5.1,25.09,1.11,17.15,18.62,16.34,12.2446815
648.61245,-10.85,-17.17,-21.04,11.71,17.26,20.65,41.2225489
58.9685125,9.26,-7.9,-55.04,10.59,-16.71,-33.36,23.4960242
-57.902475,-22.22,-9.39,-38.21,8.29,-16.9,-32.27,23.1370461
119.59695,4.43,25.12,1.58,17.37,18.63,16.2,12.4033885
4.3572625,-15.04,-11.16,-45.03,16.71,18.02,18.82,12.1763103
209.5543125,1.2,26.09,4.73,4.79,-17.01,-30.31,23.312475
167.5612,9.78,26.36,-0.03,5.16,-17.07,-30.63,23.1302176
-13.5194625,-15.19,-11.16,-44.94,15.16,18.04,19.81,12.2316035
642.2565,-10.98,-17.16,-20.89,12.23,17.29,20.39,41.0381405
-2.007675,-15.05,-11.16,-45.02,15.94,18.03,19.31,12.2166728
116.394,4.59,25.19,1.44,17.88,18,18.08,12.1598505
119.2851,4.55,25.19,1.46,17.91,18,18.07,12.30456
-64.8192125,-22.86,-13.38,-27.76,14.54,-15.87,-37.65,23.1137955
647.5436,-11.3,-17.19,-20.75,12.4,17.31,20.32,41.0826908
14.8289,6.56,24.7,-0.76,12.58,18.26,21.75,6.7240091
629.938175,-10.82,-17.19,-21.08,12.92,17.42,20.16,41.0804041
17.59485,6.48,24.73,-0.64,12.94,18.23,21.48,6.8391755
303.6406125,-1.47,26.43,6.69,6.33,-16.37,-30.22,28.6038837
-35.0363125,-21.75,-10.96,-40.6,12,18.07,21.78,12.4017829
-11.821475,-3.24,-7.17,-46.39,-4.53,16.42,29.21,28.6731464
157.6890125,2.02,-8.31,-51.27,-14.93,-17.87,-19.66,23.5562936
226.2012375,1.36,26.02,4.53,4.28,-17.03,-30.03,23.1023048
119.37995,4.19,25.2,1.69,18.01,18,18,12.4804251
215.6988625,1.62,26.07,4.47,4.08,-17.07,-29.98,23.1468662
116.42695,4.44,25.19,1.53,17.92,18,18.06,12.2008812
221.398625,1.56,26.03,4.42,4.63,-17.02,-30.22,23.2307617
13.7381125,15.3,18.53,17.85,-6.33,-18.19,-25.45,12.2700833
86.5911375,5.6,-8.32,-53.35,1.17,17.29,27.13,23.3688952
602.654325,-11.43,-17.25,-20.8,12.72,17.39,20.24,41.0781195
5.046275,9.31,-8,-55.22,10.67,-16.75,-33.48,23.1077606
118.5153,10.28,19.55,17.39,17.71,18.01,18.19,12.3177838
-38.753375,-20.46,-11.07,-41.57,17.53,18.01,18.3,12.09295
-13.1216375,-25.01,-10.96,-38.71,2.08,18.23,28.08,12.4289936
-6.9749,4.86,17.86,22.99,3.42,-16.6,-28.81,28.6419689
29.687825,8.65,-6.46,-52.47,-4.38,16.47,29.18,28.6805006
9.2447375,17.89,18.49,16.2,-5.14,-18.22,-26.24,12.2714606
116.3923,3.9,25.23,1.92,18.05,18,17.98,12.2623757
15.3392,15.02,18.53,18.03,-5.67,-18.22,-25.9,12.2657044
-38.8682375,-20.98,-11.06,-41.24,17.6,18.01,18.26,12.1578051
6.5143125,17.01,18.5,16.76,-5.79,-18.19,-25.79,12.3928431
648.7062,-10.56,-17.11,-21.06,12.02,17.26,20.48,41.1517873
634.1483,-11.29,-17.2,-20.77,12.34,17.31,20.36,41.1577016
3.8252875,16.36,18.51,17.18,-7.34,-18.17,-24.81,12.2470739
-53.195475,-25.43,-9.48,-36.41,7.81,-16.88,-31.94,23.1806334
-37.8981125,-20.7,-13.29,-28.94,0.73,-16.45,-30.16,23.0632032
119.2674,4.03,25.22,1.84,18.09,18,17.95,12.3454756
-52.095975,13.12,18.36,18.7,4.3,-15.82,-28.09,34.244423
1.6087375,14.23,18.55,18.53,-9.26,-18.14,-23.6,12.2615705
211.7140875,1.57,26.07,4.5,4.09,-17.07,-29.99,23.4513607
-38.6923625,-21.14,-11.01,-41.17,15.27,18.04,19.73,12.2326117
203.3244625,1.57,26.03,4.42,4.31,-17.03,-30.05,23.2125242
-38.795375,-21.54,-10.99,-40.89,-16.3,-18.03,-19.08,12.1581671
119.53695,4.3,25.12,1.66,17.23,18.63,16.29,12.2872123
579.942075,-11.44,-17.25,-20.8,13.99,17.54,19.7,41.1371217
14.78075,6.84,24.57,-1.01,-12.47,-18.26,-21.8,6.7123604
-38.8142875,-22.04,-10.96,-40.52,12.48,18.07,21.48,12.4245774
2.494575,17.38,18.5,16.52,-13.45,-18.09,-20.96,12.2321157
630.1662,-11.03,-17.16,-20.87,12.61,17.33,20.23,41.1141442
116.3134,5.26,25.13,0.91,17.38,18.01,18.41,12.2220605
115.5604,10.74,19.56,17.1,17.48,18.01,18.33,12.1092593
196.488075,1.91,26.08,4.31,5.12,-17.03,-30.55,23.0943546
13.251775,-14.6,-11.12,-45.21,16.24,18.02,19.11,12.4256632
116.44765,4.47,25.19,1.51,17.48,18.01,18.34,12.3397316
208.6102375,1.51,25.96,4.38,4.03,-17.11,-30.01,23.2181279
174.9461125,1.69,26.11,4.47,4.61,-17.02,-30.21,23.3412787
-61.1148,-22.79,-9.63,-38.19,-9.79,16.97,33.29,23.1044076
148.05585,18.53,26.69,-4.85,7.88,-16.92,-32.04,23.3068636
-38.808075,-20.57,-11.03,-41.42,17.61,18.01,18.25,12.2155983
10.4210375,9.32,-8,-55.23,13.39,-16.63,-34.95,23.2033341
14.67995,6.71,24.6,-0.86,-12.55,-18.25,-21.73,6.6816342
56.7075375,-11.36,-10.22,-45.79,17.4,17.99,18.35,17.7281707
9.7021125,-14.5,-11.23,-45.47,16.02,18.03,19.26,12.1681218
119.4084,4.56,25.09,1.45,17.3,18.62,16.24,12.5569563
116.6933,4.9,25.09,1.23,17.34,18.62,16.22,12.1668732
-34.260825,-18.28,-11.06,-42.88,15.01,18.04,19.89,12.3935363
-18.366425,-15.36,-11.1,-44.73,15.15,18.04,19.8,12.3356768
111.676475,5.67,-12.21,-43.28,10.38,-16.04,-35.4,23.1451252
-7.4791375,-14.69,-11.11,-45.26,15.98,18.03,19.28,12.3474326
200.544775,1.86,26.04,4.26,3.88,-17.05,-29.82,23.1939371
67.1468625,-8.92,-14.33,-37.67,-15.53,-17.43,-21.82,12.1745802
118.58345,10.4,19.55,17.31,18,18,18,12.3075938
116.4017,4.33,25.17,1.56,17.76,18,18.16,12.2188274
116.4546,4.59,25.17,1.39,17.9,18,18.07,12.2349238
115.6571,10.65,19.55,17.15,17.92,18,18.06,12.6359711
84.0666625,-11.09,-10.15,-45.87,18.33,18,17.81,17.7210222
145.84575,7.15,26.97,2.3,12.7,-15.9,-33.35,28.5274074
14.78105,6.69,24.58,-0.91,-12.49,-18.26,-21.78,6.7216423
59.0367875,12.89,25.07,-3.7,-5.59,-18.15,-25.82,12.3886578
115.68435,10.46,19.56,17.28,17.56,18.01,18.28,12.2233342
166.7314375,4.1,26.13,3.05,4.83,-17.01,-30.33,23.1650766
88.777925,7.66,-11.98,-44.14,8.1,-16.05,-34.01,23.373127
14.60185,6.7,24.6,-0.86,-12.58,-18.25,-21.71,6.8408624
629.9268,-11.18,-17.18,-20.8,12.68,17.34,20.2,41.1608035
636.3314,-10.64,-17.13,-21.05,12.71,17.35,20.2,41.1126225
-14.6175875,16.55,18.55,17.07,-8.05,-17.85,-23.85,17.8902592
-13.77455,17.26,18.5,16.6,-18.8,-18.01,-17.56,12.3712013
116.6438,4.64,25.07,1.35,17,18.62,16.43,12.1751785
630.6981,-10.84,-17.18,-21.06,12.3,17.34,20.42,41.1303715
14.71555,6.74,24.6,-0.89,-12.28,-18.26,-21.91,6.6524976
15.6779625,9.28,-8,-55.2,5.98,-16.96,-30.95,23.0897763
-40.9593875,-34.8,-10.81,-32.5,10.32,18.11,22.86,12.2947589
175.245375,9.08,26.35,0.35,5.01,-17,-30.43,23.0834335
140.8362125,6.39,-8.29,-53.78,2.99,17.37,26.15,23.3187206
638.994325,-10.65,-17.16,-21.14,12.09,17.31,20.5,41.1174775
644.1131,-11.11,-17.21,-20.94,12.24,17.33,20.44,41.111232
115.73895,10.67,19.55,17.14,18.2,18,17.88,12.1673364
173.0254375,3.29,26.18,3.6,3.9,-17.05,-29.83,23.216307
115.7713,10.37,19.56,17.33,17.6,18.01,18.26,12.3034012
116.48925,4.51,25.19,1.49,17.86,18,18.1,12.206525
158.097,7.95,26.3,0.96,6.26,-16.94,-31.1,23.6440349
116.74075,4.95,25.09,1.2,16.93,18.63,16.48,12.1925225
119.51795,4.39,25.19,1.56,18.38,18,17.77,12.3294277
210.2385375,0.72,25.96,4.85,3.58,-17.1,-29.71,23.060348
198.3323375,1.5,26.07,4.53,4.65,-17.05,-30.29,23.1157928
367.2332,-7.55,16.48,28.29,0.22,-16.36,-26.46,34.2565767
116.4553,4.65,25.19,1.4,17.55,18.01,18.29,12.2108179
275.4023875,0.42,26.48,5.65,9.99,-16.21,-32.2,29.1970321
640.267375,-11.07,-17.21,-20.96,12.1,17.32,20.5,41.1548941
647.1502,-11.25,-17.2,-20.79,12.75,17.35,20.18,41.1447281
143.394525,6.67,-6.78,-51.85,4.65,17.13,24.75,28.6617378
115.5716,10.6,19.55,17.19,17.61,18.01,18.25,12.2100264
61.874275,-8.1,-14.21,-37.96,-16.24,-17.4,-21.33,12.6377995
256.4386,-4.76,17.22,27.83,-0.5,-16.86,-26.85,28.7021239
-1.1811125,-14.94,-11.11,-45,15.17,18.04,19.79,12.2502118
-38.761025,-20.14,-11.08,-41.78,17.08,18.01,18.59,12.2531917
149.0652,-0.09,-13.47,-41.68,-17.87,-17.32,-20.2,17.6267058
644.05505,-11.19,-17.23,-20.92,12.04,17.32,20.53,41.1264239
115.56845,10.49,19.56,17.25,17.81,18.01,18.13,12.2849148
-40.9150875,-25.66,-10.91,-38.24,22.62,17.95,15.1,12.2011012
119.36415,4.27,25.22,1.69,18.56,17.99,17.65,12.6749581
636.415875,-10.98,-17.16,-20.89,12.3,17.3,20.36,41.0959124
-9.3337875,7.95,17.7,20.76,-3.43,-16.26,-24.06,41.0498759
-3.2260875,-15.37,-11.1,-44.72,17.32,18.01,18.43,12.2350716
187.7852375,1.4,26.02,4.51,4.59,-17.02,-30.2,23.2244622
-34.015675,-22.72,-11.03,-40.24,10.35,18.12,22.87,12.218502
116.65225,4.56,25.19,1.45,17.75,18,18.17,12.5502729
116.5343,4.56,25.17,1.41,17.6,18.01,18.27,12.2232529
636.26855,-11.11,-17.17,-20.83,12.24,17.29,20.39,41.0061485
5.6800125,-14.4,-11.17,-45.44,14.99,18.05,19.92,12.1931341
119.3735,3.97,25.22,1.88,18.01,18,18,12.3875553
-32.254825,-13.03,-18.1,-21.19,16.73,18.02,18.81,12.2348317
-38.5301875,-19.8,-14.13,-30.69,-11.38,-17.48,-24.43,12.175541
118.8173,10.63,19.55,17.17,18.33,18,17.8,12.4978548
226.2432,1.39,25.99,4.48,4.16,-17.07,-30.02,23.182426
52.274325,-0.54,-8.33,-49.76,11.33,-16.68,-33.76,23.3483034
116.90305,5.13,25.09,1.09,17.32,18.62,16.23,12.1423299
11.1546375,14.69,18.51,18.15,1.1,-17.69,-29.18,17.9556159
-38.955575,-17.97,-11.06,-43.18,20.76,17.96,16.26,12.2394112
-32.1957,-13.43,-18.09,-20.94,16.26,18.03,19.11,12.211665
118.55345,10.37,19.55,17.33,17.98,18,18.02,12.3046717
96.5443375,8.64,-6.55,-52.69,-0.65,16.75,27.37,28.6120049
-5.462075,4.94,18.12,23.42,5.84,-17.06,-31.05,23.269156
-24.56535,-12.64,-18.07,-21.34,16.81,18,18.69,12.5208217
1.40295,3.54,17.49,23.16,3.23,-16.08,-27.85,34.0335004
-51.2124125,-19.83,-13.19,-29.33,5.63,-16.16,-32.68,23.2327727
416.96705,-4.26,17.28,27.63,-3.74,-17.1,-25.25,28.6545884
-32.150975,-13.04,-18.05,-21.07,16.47,18,18.9,12.1970461
119.22395,4.47,25.19,1.51,17.99,18,18.01,12.4543546
401.798525,-7.18,16.51,28.12,-0.16,-16.39,-26.29,34.5902389
115.7352,10.47,19.56,17.27,17.72,18.01,18.18,12.241192
-38.865075,-21.87,-11.05,-40.67,17.01,18.02,18.63,12.2387975
-38.777675,-20.75,-11.07,-41.39,16.82,18.02,18.75,12.3061233
116.2786,3.94,25.08,1.8,16.29,18.64,16.87,12.2501926
